﻿{"data":[{"Properties":{"domain":"WHISPERER.LABZ","name":"IP SECURITY@WHISPERER.LABZ","distinguishedname":"CN=IP SECURITY,CN=SYSTEM,DC=WHISPERER,DC=LABZ","domainsid":"S-1-5-21-2816299039-1239210057-2052241707","highvalue":false},"ChildObjects":[],"Aces":[{"PrincipalSID":"S-1-5-21-2816299039-1239210057-2052241707-512","PrincipalType":"Group","RightName":"Owns","IsInherited":false},{"PrincipalSID":"S-1-5-21-2816299039-1239210057-2052241707-512","PrincipalType":"Group","RightName":"WriteDacl","IsInherited":false},{"PrincipalSID":"S-1-5-21-2816299039-1239210057-2052241707-512","PrincipalType":"Group","RightName":"WriteOwner","IsInherited":false},{"PrincipalSID":"S-1-5-21-2816299039-1239210057-2052241707-519","PrincipalType":"Group","RightName":"GenericAll","IsInherited":true},{"PrincipalSID":"WHISPERER.LABZ-S-1-5-32-544","PrincipalType":"Group","RightName":"WriteDacl","IsInherited":true},{"PrincipalSID":"WHISPERER.LABZ-S-1-5-32-544","PrincipalType":"Group","RightName":"WriteOwner","IsInherited":true}],"ObjectIdentifier":"642559BD-AE10-410C-AF12-54F850649B30","IsDeleted":false,"IsACLProtected":false},{"Properties":{"domain":"WHISPERER.LABZ","name":"SYSTEM@WHISPERER.LABZ","distinguishedname":"CN=SYSTEM,DC=WHISPERER,DC=LABZ","domainsid":"S-1-5-21-2816299039-1239210057-2052241707","highvalue":false},"ChildObjects":[],"Aces":[{"PrincipalSID":"S-1-5-21-2816299039-1239210057-2052241707-512","PrincipalType":"Group","RightName":"Owns","IsInherited":false},{"PrincipalSID":"S-1-5-21-2816299039-1239210057-2052241707-512","PrincipalType":"Group","RightName":"WriteDacl","IsInherited":false},{"PrincipalSID":"S-1-5-21-2816299039-1239210057-2052241707-512","PrincipalType":"Group","RightName":"WriteOwner","IsInherited":false},{"PrincipalSID":"S-1-5-21-2816299039-1239210057-2052241707-519","PrincipalType":"Group","RightName":"GenericAll","IsInherited":true},{"PrincipalSID":"WHISPERER.LABZ-S-1-5-32-544","PrincipalType":"Group","RightName":"WriteDacl","IsInherited":true},{"PrincipalSID":"WHISPERER.LABZ-S-1-5-32-544","PrincipalType":"Group","RightName":"WriteOwner","IsInherited":true}],"ObjectIdentifier":"2689EB4A-08C6-47CD-AE00-84861F44EEA2","IsDeleted":false,"IsACLProtected":false},{"Properties":{"domain":"WHISPERER.LABZ","name":"RPCSERVICES@WHISPERER.LABZ","distinguishedname":"CN=RPCSERVICES,CN=SYSTEM,DC=WHISPERER,DC=LABZ","domainsid":"S-1-5-21-2816299039-1239210057-2052241707","highvalue":false},"ChildObjects":[],"Aces":[{"PrincipalSID":"S-1-5-21-2816299039-1239210057-2052241707-512","PrincipalType":"Group","RightName":"Owns","IsInherited":false},{"PrincipalSID":"S-1-5-21-2816299039-1239210057-2052241707-512","PrincipalType":"Group","RightName":"WriteDacl","IsInherited":false},{"PrincipalSID":"S-1-5-21-2816299039-1239210057-2052241707-512","PrincipalType":"Group","RightName":"WriteOwner","IsInherited":false},{"PrincipalSID":"S-1-5-21-2816299039-1239210057-2052241707-519","PrincipalType":"Group","RightName":"GenericAll","IsInherited":true},{"PrincipalSID":"WHISPERER.LABZ-S-1-5-32-544","PrincipalType":"Group","RightName":"WriteDacl","IsInherited":true},{"PrincipalSID":"WHISPERER.LABZ-S-1-5-32-544","PrincipalType":"Group","RightName":"WriteOwner","IsInherited":true}],"ObjectIdentifier":"AF39046B-3CA9-4E3C-B621-6A9B06BF903C","IsDeleted":false,"IsACLProtected":false},{"Properties":{"domain":"WHISPERER.LABZ","name":"MEETINGS@WHISPERER.LABZ","distinguishedname":"CN=MEETINGS,CN=SYSTEM,DC=WHISPERER,DC=LABZ","domainsid":"S-1-5-21-2816299039-1239210057-2052241707","highvalue":false},"ChildObjects":[],"Aces":[{"PrincipalSID":"S-1-5-21-2816299039-1239210057-2052241707-512","PrincipalType":"Group","RightName":"Owns","IsInherited":false},{"PrincipalSID":"S-1-5-21-2816299039-1239210057-2052241707-512","PrincipalType":"Group","RightName":"WriteDacl","IsInherited":false},{"PrincipalSID":"S-1-5-21-2816299039-1239210057-2052241707-512","PrincipalType":"Group","RightName":"WriteOwner","IsInherited":false},{"PrincipalSID":"S-1-5-21-2816299039-1239210057-2052241707-519","PrincipalType":"Group","RightName":"GenericAll","IsInherited":true},{"PrincipalSID":"WHISPERER.LABZ-S-1-5-32-544","PrincipalType":"Group","RightName":"WriteDacl","IsInherited":true},{"PrincipalSID":"WHISPERER.LABZ-S-1-5-32-544","PrincipalType":"Group","RightName":"WriteOwner","IsInherited":true}],"ObjectIdentifier":"7C497695-5A95-4D34-BC07-C06DD000F07E","IsDeleted":false,"IsACLProtected":false},{"Properties":{"domain":"WHISPERER.LABZ","name":"POLICIES@WHISPERER.LABZ","distinguishedname":"CN=POLICIES,CN=SYSTEM,DC=WHISPERER,DC=LABZ","domainsid":"S-1-5-21-2816299039-1239210057-2052241707","highvalue":false},"ChildObjects":[],"Aces":[{"PrincipalSID":"S-1-5-21-2816299039-1239210057-2052241707-512","PrincipalType":"Group","RightName":"Owns","IsInherited":false},{"PrincipalSID":"S-1-5-21-2816299039-1239210057-2052241707-512","PrincipalType":"Group","RightName":"WriteDacl","IsInherited":false},{"PrincipalSID":"S-1-5-21-2816299039-1239210057-2052241707-512","PrincipalType":"Group","RightName":"WriteOwner","IsInherited":false},{"PrincipalSID":"S-1-5-21-2816299039-1239210057-2052241707-519","PrincipalType":"Group","RightName":"GenericAll","IsInherited":true},{"PrincipalSID":"WHISPERER.LABZ-S-1-5-32-544","PrincipalType":"Group","RightName":"WriteDacl","IsInherited":true},{"PrincipalSID":"WHISPERER.LABZ-S-1-5-32-544","PrincipalType":"Group","RightName":"WriteOwner","IsInherited":true}],"ObjectIdentifier":"65A0407D-0E04-4847-9FA2-605D12A283EF","IsDeleted":false,"IsACLProtected":false},{"Properties":{"domain":"WHISPERER.LABZ","name":"ADMINSDHOLDER@WHISPERER.LABZ","distinguishedname":"CN=ADMINSDHOLDER,CN=SYSTEM,DC=WHISPERER,DC=LABZ","domainsid":"S-1-5-21-2816299039-1239210057-2052241707","highvalue":false},"ChildObjects":[],"Aces":[{"PrincipalSID":"S-1-5-21-2816299039-1239210057-2052241707-512","PrincipalType":"Group","RightName":"Owns","IsInherited":false},{"PrincipalSID":"WHISPERER.LABZ-S-1-5-32-544","PrincipalType":"Group","RightName":"WriteDacl","IsInherited":false},{"PrincipalSID":"WHISPERER.LABZ-S-1-5-32-544","PrincipalType":"Group","RightName":"WriteOwner","IsInherited":false},{"PrincipalSID":"S-1-5-21-2816299039-1239210057-2052241707-512","PrincipalType":"Group","RightName":"WriteDacl","IsInherited":false},{"PrincipalSID":"S-1-5-21-2816299039-1239210057-2052241707-512","PrincipalType":"Group","RightName":"WriteOwner","IsInherited":false},{"PrincipalSID":"S-1-5-21-2816299039-1239210057-2052241707-519","PrincipalType":"Group","RightName":"WriteDacl","IsInherited":false},{"PrincipalSID":"S-1-5-21-2816299039-1239210057-2052241707-519","PrincipalType":"Group","RightName":"WriteOwner","IsInherited":false}],"ObjectIdentifier":"6E3DF270-F530-4477-8144-2098722C4E23","IsDeleted":false,"IsACLProtected":true},{"Properties":{"domain":"WHISPERER.LABZ","name":"RAS AND IAS SERVERS ACCESS CHECK@WHISPERER.LABZ","distinguishedname":"CN=RAS AND IAS SERVERS ACCESS CHECK,CN=SYSTEM,DC=WHISPERER,DC=LABZ","domainsid":"S-1-5-21-2816299039-1239210057-2052241707","highvalue":false},"ChildObjects":[],"Aces":[{"PrincipalSID":"S-1-5-21-2816299039-1239210057-2052241707-512","PrincipalType":"Group","RightName":"Owns","IsInherited":false},{"PrincipalSID":"S-1-5-21-2816299039-1239210057-2052241707-553","PrincipalType":"Group","RightName":"WriteDacl","IsInherited":false},{"PrincipalSID":"S-1-5-21-2816299039-1239210057-2052241707-553","PrincipalType":"Group","RightName":"WriteOwner","IsInherited":false},{"PrincipalSID":"S-1-5-21-2816299039-1239210057-2052241707-519","PrincipalType":"Group","RightName":"GenericAll","IsInherited":true},{"PrincipalSID":"WHISPERER.LABZ-S-1-5-32-544","PrincipalType":"Group","RightName":"WriteDacl","IsInherited":true},{"PrincipalSID":"WHISPERER.LABZ-S-1-5-32-544","PrincipalType":"Group","RightName":"WriteOwner","IsInherited":true}],"ObjectIdentifier":"B7986418-0337-428A-8F91-840811C52D37","IsDeleted":false,"IsACLProtected":false},{"Properties":{"domain":"WHISPERER.LABZ","name":"MANAGED SERVICE ACCOUNTS@WHISPERER.LABZ","distinguishedname":"CN=MANAGED SERVICE ACCOUNTS,DC=WHISPERER,DC=LABZ","domainsid":"S-1-5-21-2816299039-1239210057-2052241707","highvalue":false},"ChildObjects":[],"Aces":[{"PrincipalSID":"S-1-5-21-2816299039-1239210057-2052241707-512","PrincipalType":"Group","RightName":"Owns","IsInherited":false},{"PrincipalSID":"S-1-5-21-2816299039-1239210057-2052241707-512","PrincipalType":"Group","RightName":"WriteDacl","IsInherited":false},{"PrincipalSID":"S-1-5-21-2816299039-1239210057-2052241707-512","PrincipalType":"Group","RightName":"WriteOwner","IsInherited":false},{"PrincipalSID":"S-1-5-21-2816299039-1239210057-2052241707-519","PrincipalType":"Group","RightName":"GenericAll","IsInherited":true},{"PrincipalSID":"WHISPERER.LABZ-S-1-5-32-544","PrincipalType":"Group","RightName":"WriteDacl","IsInherited":true},{"PrincipalSID":"WHISPERER.LABZ-S-1-5-32-544","PrincipalType":"Group","RightName":"WriteOwner","IsInherited":true}],"ObjectIdentifier":"5CDE1DA1-27EE-4444-BEEC-6F0C7AF659C4","IsDeleted":false,"IsACLProtected":false},{"Properties":{"domain":"WHISPERER.LABZ","name":"PROGRAM DATA@WHISPERER.LABZ","distinguishedname":"CN=PROGRAM DATA,DC=WHISPERER,DC=LABZ","domainsid":"S-1-5-21-2816299039-1239210057-2052241707","highvalue":false},"ChildObjects":[],"Aces":[{"PrincipalSID":"S-1-5-21-2816299039-1239210057-2052241707-512","PrincipalType":"Group","RightName":"Owns","IsInherited":false},{"PrincipalSID":"S-1-5-21-2816299039-1239210057-2052241707-512","PrincipalType":"Group","RightName":"GenericAll","IsInherited":false},{"PrincipalSID":"S-1-5-21-2816299039-1239210057-2052241707-519","PrincipalType":"Group","RightName":"GenericAll","IsInherited":true},{"PrincipalSID":"WHISPERER.LABZ-S-1-5-32-544","PrincipalType":"Group","RightName":"WriteDacl","IsInherited":true},{"PrincipalSID":"WHISPERER.LABZ-S-1-5-32-544","PrincipalType":"Group","RightName":"WriteOwner","IsInherited":true}],"ObjectIdentifier":"A1606E21-A2F7-4AE0-AC4D-093821D83496","IsDeleted":false,"IsACLProtected":false},{"Properties":{"domain":"WHISPERER.LABZ","name":"FOREIGNSECURITYPRINCIPALS@WHISPERER.LABZ","distinguishedname":"CN=FOREIGNSECURITYPRINCIPALS,DC=WHISPERER,DC=LABZ","domainsid":"S-1-5-21-2816299039-1239210057-2052241707","highvalue":false},"ChildObjects":[],"Aces":[{"PrincipalSID":"S-1-5-21-2816299039-1239210057-2052241707-512","PrincipalType":"Group","RightName":"Owns","IsInherited":false},{"PrincipalSID":"S-1-5-21-2816299039-1239210057-2052241707-512","PrincipalType":"Group","RightName":"GenericAll","IsInherited":false},{"PrincipalSID":"S-1-5-21-2816299039-1239210057-2052241707-519","PrincipalType":"Group","RightName":"GenericAll","IsInherited":true},{"PrincipalSID":"WHISPERER.LABZ-S-1-5-32-544","PrincipalType":"Group","RightName":"WriteDacl","IsInherited":true},{"PrincipalSID":"WHISPERER.LABZ-S-1-5-32-544","PrincipalType":"Group","RightName":"WriteOwner","IsInherited":true}],"ObjectIdentifier":"BE991C09-EECD-4CC9-B2DE-87659A300405","IsDeleted":false,"IsACLProtected":false},{"Properties":{"domain":"WHISPERER.LABZ","name":"MICROSOFT@WHISPERER.LABZ","distinguishedname":"CN=MICROSOFT,CN=PROGRAM DATA,DC=WHISPERER,DC=LABZ","domainsid":"S-1-5-21-2816299039-1239210057-2052241707","highvalue":false},"ChildObjects":[],"Aces":[{"PrincipalSID":"S-1-5-21-2816299039-1239210057-2052241707-512","PrincipalType":"Group","RightName":"Owns","IsInherited":false},{"PrincipalSID":"S-1-5-21-2816299039-1239210057-2052241707-512","PrincipalType":"Group","RightName":"GenericAll","IsInherited":false},{"PrincipalSID":"S-1-5-21-2816299039-1239210057-2052241707-519","PrincipalType":"Group","RightName":"GenericAll","IsInherited":true},{"PrincipalSID":"WHISPERER.LABZ-S-1-5-32-544","PrincipalType":"Group","RightName":"WriteDacl","IsInherited":true},{"PrincipalSID":"WHISPERER.LABZ-S-1-5-32-544","PrincipalType":"Group","RightName":"WriteOwner","IsInherited":true}],"ObjectIdentifier":"047937E2-B342-4557-8AF9-99AD14D97D73","IsDeleted":false,"IsACLProtected":false},{"Properties":{"domain":"WHISPERER.LABZ","name":"PSPS@WHISPERER.LABZ","distinguishedname":"CN=PSPS,CN=SYSTEM,DC=WHISPERER,DC=LABZ","domainsid":"S-1-5-21-2816299039-1239210057-2052241707","highvalue":false},"ChildObjects":[],"Aces":[{"PrincipalSID":"S-1-5-21-2816299039-1239210057-2052241707-512","PrincipalType":"Group","RightName":"Owns","IsInherited":false},{"PrincipalSID":"S-1-5-21-2816299039-1239210057-2052241707-512","PrincipalType":"Group","RightName":"GenericAll","IsInherited":false},{"PrincipalSID":"S-1-5-21-2816299039-1239210057-2052241707-519","PrincipalType":"Group","RightName":"GenericAll","IsInherited":true},{"PrincipalSID":"WHISPERER.LABZ-S-1-5-32-544","PrincipalType":"Group","RightName":"WriteDacl","IsInherited":true},{"PrincipalSID":"WHISPERER.LABZ-S-1-5-32-544","PrincipalType":"Group","RightName":"WriteOwner","IsInherited":true}],"ObjectIdentifier":"EB046ED5-62B9-4EE6-85CF-9DF8F2B83A4D","IsDeleted":false,"IsACLProtected":false},{"Properties":{"domain":"WHISPERER.LABZ","name":"KEYS@WHISPERER.LABZ","distinguishedname":"CN=KEYS,DC=WHISPERER,DC=LABZ","domainsid":"S-1-5-21-2816299039-1239210057-2052241707","highvalue":false},"ChildObjects":[],"Aces":[{"PrincipalSID":"S-1-5-21-2816299039-1239210057-2052241707-512","PrincipalType":"Group","RightName":"Owns","IsInherited":false},{"PrincipalSID":"WHISPERER.LABZ-S-1-5-9","PrincipalType":"Group","RightName":"GenericAll","IsInherited":false},{"PrincipalSID":"S-1-5-21-2816299039-1239210057-2052241707-512","PrincipalType":"Group","RightName":"GenericAll","IsInherited":false},{"PrincipalSID":"S-1-5-21-2816299039-1239210057-2052241707-516","PrincipalType":"Group","RightName":"GenericAll","IsInherited":false},{"PrincipalSID":"S-1-5-21-2816299039-1239210057-2052241707-519","PrincipalType":"Group","RightName":"GenericAll","IsInherited":false},{"PrincipalSID":"S-1-5-21-2816299039-1239210057-2052241707-526","PrincipalType":"Group","RightName":"GenericAll","IsInherited":false},{"PrincipalSID":"S-1-5-21-2816299039-1239210057-2052241707-527","PrincipalType":"Group","RightName":"GenericAll","IsInherited":false}],"ObjectIdentifier":"B152D8C3-F50D-478F-B876-68B990BF00DA","IsDeleted":false,"IsACLProtected":true},{"Properties":{"domain":"WHISPERER.LABZ","name":"COMPARTITIONS@WHISPERER.LABZ","distinguishedname":"CN=COMPARTITIONS,CN=SYSTEM,DC=WHISPERER,DC=LABZ","domainsid":"S-1-5-21-2816299039-1239210057-2052241707","highvalue":false},"ChildObjects":[],"Aces":[{"PrincipalSID":"S-1-5-21-2816299039-1239210057-2052241707-512","PrincipalType":"Group","RightName":"Owns","IsInherited":false},{"PrincipalSID":"S-1-5-21-2816299039-1239210057-2052241707-512","PrincipalType":"Group","RightName":"WriteDacl","IsInherited":false},{"PrincipalSID":"S-1-5-21-2816299039-1239210057-2052241707-512","PrincipalType":"Group","RightName":"WriteOwner","IsInherited":false},{"PrincipalSID":"S-1-5-21-2816299039-1239210057-2052241707-519","PrincipalType":"Group","RightName":"GenericAll","IsInherited":true},{"PrincipalSID":"WHISPERER.LABZ-S-1-5-32-544","PrincipalType":"Group","RightName":"WriteDacl","IsInherited":true},{"PrincipalSID":"WHISPERER.LABZ-S-1-5-32-544","PrincipalType":"Group","RightName":"WriteOwner","IsInherited":true}],"ObjectIdentifier":"F3F06719-AA64-47D8-A8F0-9E9E830FE67F","IsDeleted":false,"IsACLProtected":false},{"Properties":{"domain":"WHISPERER.LABZ","name":"WINSOCKSERVICES@WHISPERER.LABZ","distinguishedname":"CN=WINSOCKSERVICES,CN=SYSTEM,DC=WHISPERER,DC=LABZ","domainsid":"S-1-5-21-2816299039-1239210057-2052241707","highvalue":false},"ChildObjects":[],"Aces":[{"PrincipalSID":"S-1-5-21-2816299039-1239210057-2052241707-512","PrincipalType":"Group","RightName":"Owns","IsInherited":false},{"PrincipalSID":"S-1-5-21-2816299039-1239210057-2052241707-512","PrincipalType":"Group","RightName":"WriteDacl","IsInherited":false},{"PrincipalSID":"S-1-5-21-2816299039-1239210057-2052241707-512","PrincipalType":"Group","RightName":"WriteOwner","IsInherited":false},{"PrincipalSID":"S-1-5-21-2816299039-1239210057-2052241707-519","PrincipalType":"Group","RightName":"GenericAll","IsInherited":true},{"PrincipalSID":"WHISPERER.LABZ-S-1-5-32-544","PrincipalType":"Group","RightName":"WriteDacl","IsInherited":true},{"PrincipalSID":"WHISPERER.LABZ-S-1-5-32-544","PrincipalType":"Group","RightName":"WriteOwner","IsInherited":true}],"ObjectIdentifier":"FDA350AD-5B26-4A5D-B16B-9792C5321A02","IsDeleted":false,"IsACLProtected":false},{"Properties":{"domain":"WHISPERER.LABZ","name":"COMPARTITIONSETS@WHISPERER.LABZ","distinguishedname":"CN=COMPARTITIONSETS,CN=SYSTEM,DC=WHISPERER,DC=LABZ","domainsid":"S-1-5-21-2816299039-1239210057-2052241707","highvalue":false},"ChildObjects":[],"Aces":[{"PrincipalSID":"S-1-5-21-2816299039-1239210057-2052241707-512","PrincipalType":"Group","RightName":"Owns","IsInherited":false},{"PrincipalSID":"S-1-5-21-2816299039-1239210057-2052241707-512","PrincipalType":"Group","RightName":"WriteDacl","IsInherited":false},{"PrincipalSID":"S-1-5-21-2816299039-1239210057-2052241707-512","PrincipalType":"Group","RightName":"WriteOwner","IsInherited":false},{"PrincipalSID":"S-1-5-21-2816299039-1239210057-2052241707-519","PrincipalType":"Group","RightName":"GenericAll","IsInherited":true},{"PrincipalSID":"WHISPERER.LABZ-S-1-5-32-544","PrincipalType":"Group","RightName":"WriteDacl","IsInherited":true},{"PrincipalSID":"WHISPERER.LABZ-S-1-5-32-544","PrincipalType":"Group","RightName":"WriteOwner","IsInherited":true}],"ObjectIdentifier":"BA029CFE-061D-4334-9B09-2B9B04BFE6E1","IsDeleted":false,"IsACLProtected":false},{"Properties":{"domain":"WHISPERER.LABZ","name":"WMIPOLICY@WHISPERER.LABZ","distinguishedname":"CN=WMIPOLICY,CN=SYSTEM,DC=WHISPERER,DC=LABZ","domainsid":"S-1-5-21-2816299039-1239210057-2052241707","highvalue":false},"ChildObjects":[],"Aces":[{"PrincipalSID":"S-1-5-21-2816299039-1239210057-2052241707-512","PrincipalType":"Group","RightName":"Owns","IsInherited":false},{"PrincipalSID":"S-1-5-21-2816299039-1239210057-2052241707-512","PrincipalType":"Group","RightName":"GenericAll","IsInherited":false},{"PrincipalSID":"S-1-5-21-2816299039-1239210057-2052241707-519","PrincipalType":"Group","RightName":"GenericAll","IsInherited":false}],"ObjectIdentifier":"86569EF7-414C-4C6F-9F99-AE372FF32C4D","IsDeleted":false,"IsACLProtected":true},{"Properties":{"domain":"WHISPERER.LABZ","name":"POLICYTEMPLATE@WHISPERER.LABZ","distinguishedname":"CN=POLICYTEMPLATE,CN=WMIPOLICY,CN=SYSTEM,DC=WHISPERER,DC=LABZ","domainsid":"S-1-5-21-2816299039-1239210057-2052241707","highvalue":false},"ChildObjects":[],"Aces":[{"PrincipalSID":"S-1-5-21-2816299039-1239210057-2052241707-512","PrincipalType":"Group","RightName":"Owns","IsInherited":false},{"PrincipalSID":"S-1-5-21-2816299039-1239210057-2052241707-512","PrincipalType":"Group","RightName":"WriteDacl","IsInherited":false},{"PrincipalSID":"S-1-5-21-2816299039-1239210057-2052241707-512","PrincipalType":"Group","RightName":"WriteOwner","IsInherited":false},{"PrincipalSID":"S-1-5-21-2816299039-1239210057-2052241707-519","PrincipalType":"Group","RightName":"GenericAll","IsInherited":true},{"PrincipalSID":"S-1-5-21-2816299039-1239210057-2052241707-512","PrincipalType":"Group","RightName":"GenericAll","IsInherited":true}],"ObjectIdentifier":"C49DF873-C927-4653-87C5-183AEA769FDC","IsDeleted":false,"IsACLProtected":false},{"Properties":{"domain":"WHISPERER.LABZ","name":"SOM@WHISPERER.LABZ","distinguishedname":"CN=SOM,CN=WMIPOLICY,CN=SYSTEM,DC=WHISPERER,DC=LABZ","domainsid":"S-1-5-21-2816299039-1239210057-2052241707","highvalue":false},"ChildObjects":[],"Aces":[{"PrincipalSID":"S-1-5-21-2816299039-1239210057-2052241707-512","PrincipalType":"Group","RightName":"Owns","IsInherited":false},{"PrincipalSID":"S-1-5-21-2816299039-1239210057-2052241707-512","PrincipalType":"Group","RightName":"GenericAll","IsInherited":false},{"PrincipalSID":"S-1-5-21-2816299039-1239210057-2052241707-519","PrincipalType":"Group","RightName":"GenericAll","IsInherited":false}],"ObjectIdentifier":"7E35B655-DA58-49F7-8EE4-2B6C2AACDA47","IsDeleted":false,"IsACLProtected":true},{"Properties":{"domain":"WHISPERER.LABZ","name":"POLICYTYPE@WHISPERER.LABZ","distinguishedname":"CN=POLICYTYPE,CN=WMIPOLICY,CN=SYSTEM,DC=WHISPERER,DC=LABZ","domainsid":"S-1-5-21-2816299039-1239210057-2052241707","highvalue":false},"ChildObjects":[],"Aces":[{"PrincipalSID":"S-1-5-21-2816299039-1239210057-2052241707-512","PrincipalType":"Group","RightName":"Owns","IsInherited":false},{"PrincipalSID":"S-1-5-21-2816299039-1239210057-2052241707-512","PrincipalType":"Group","RightName":"WriteDacl","IsInherited":false},{"PrincipalSID":"S-1-5-21-2816299039-1239210057-2052241707-512","PrincipalType":"Group","RightName":"WriteOwner","IsInherited":false},{"PrincipalSID":"S-1-5-21-2816299039-1239210057-2052241707-519","PrincipalType":"Group","RightName":"GenericAll","IsInherited":true},{"PrincipalSID":"S-1-5-21-2816299039-1239210057-2052241707-512","PrincipalType":"Group","RightName":"GenericAll","IsInherited":true}],"ObjectIdentifier":"6A1610F6-B098-461F-AC1C-D27C6C28DB84","IsDeleted":false,"IsACLProtected":false},{"Properties":{"domain":"WHISPERER.LABZ","name":"WMIGPO@WHISPERER.LABZ","distinguishedname":"CN=WMIGPO,CN=WMIPOLICY,CN=SYSTEM,DC=WHISPERER,DC=LABZ","domainsid":"S-1-5-21-2816299039-1239210057-2052241707","highvalue":false},"ChildObjects":[],"Aces":[{"PrincipalSID":"S-1-5-21-2816299039-1239210057-2052241707-512","PrincipalType":"Group","RightName":"Owns","IsInherited":false},{"PrincipalSID":"S-1-5-21-2816299039-1239210057-2052241707-512","PrincipalType":"Group","RightName":"WriteDacl","IsInherited":false},{"PrincipalSID":"S-1-5-21-2816299039-1239210057-2052241707-512","PrincipalType":"Group","RightName":"WriteOwner","IsInherited":false},{"PrincipalSID":"S-1-5-21-2816299039-1239210057-2052241707-519","PrincipalType":"Group","RightName":"GenericAll","IsInherited":true},{"PrincipalSID":"S-1-5-21-2816299039-1239210057-2052241707-512","PrincipalType":"Group","RightName":"GenericAll","IsInherited":true}],"ObjectIdentifier":"F046CE25-610C-4662-8DEB-464B905FF756","IsDeleted":false,"IsACLProtected":false},{"Properties":{"domain":"WHISPERER.LABZ","name":"MICROSOFTDNS@WHISPERER.LABZ","distinguishedname":"CN=MICROSOFTDNS,CN=SYSTEM,DC=WHISPERER,DC=LABZ","domainsid":"S-1-5-21-2816299039-1239210057-2052241707","highvalue":false},"ChildObjects":[],"Aces":[{"PrincipalSID":"WHISPERER.LABZ-S-1-5-9","PrincipalType":"Group","RightName":"WriteDacl","IsInherited":false},{"PrincipalSID":"WHISPERER.LABZ-S-1-5-9","PrincipalType":"Group","RightName":"WriteOwner","IsInherited":false},{"PrincipalSID":"S-1-5-21-2816299039-1239210057-2052241707-512","PrincipalType":"Group","RightName":"GenericAll","IsInherited":false},{"PrincipalSID":"S-1-5-21-2816299039-1239210057-2052241707-1103","PrincipalType":"Group","RightName":"WriteDacl","IsInherited":false},{"PrincipalSID":"S-1-5-21-2816299039-1239210057-2052241707-1103","PrincipalType":"Group","RightName":"WriteOwner","IsInherited":false},{"PrincipalSID":"S-1-5-21-2816299039-1239210057-2052241707-519","PrincipalType":"Group","RightName":"GenericAll","IsInherited":true},{"PrincipalSID":"WHISPERER.LABZ-S-1-5-32-544","PrincipalType":"Group","RightName":"WriteDacl","IsInherited":true},{"PrincipalSID":"WHISPERER.LABZ-S-1-5-32-544","PrincipalType":"Group","RightName":"WriteOwner","IsInherited":true}],"ObjectIdentifier":"0D534231-C42A-46B8-875B-A25AB55B6E17","IsDeleted":false,"IsACLProtected":false},{"Properties":{"domain":"WHISPERER.LABZ","name":"USERS@WHISPERER.LABZ","distinguishedname":"CN=USERS,DC=WHISPERER,DC=LABZ","domainsid":"S-1-5-21-2816299039-1239210057-2052241707","highvalue":false},"ChildObjects":[{"ObjectIdentifier":"S-1-5-21-2816299039-1239210057-2052241707-500","ObjectType":"User"},{"ObjectIdentifier":"S-1-5-21-2816299039-1239210057-2052241707-571","ObjectType":"Group"},{"ObjectIdentifier":"S-1-5-21-2816299039-1239210057-2052241707-1716","ObjectType":"Group"},{"ObjectIdentifier":"S-1-5-21-2816299039-1239210057-2052241707-1711","ObjectType":"Group"},{"ObjectIdentifier":"S-1-5-21-2816299039-1239210057-2052241707-517","ObjectType":"Group"},{"ObjectIdentifier":"S-1-5-21-2816299039-1239210057-2052241707-1717","ObjectType":"Group"},{"ObjectIdentifier":"S-1-5-21-2816299039-1239210057-2052241707-522","ObjectType":"Group"},{"ObjectIdentifier":"S-1-5-21-2816299039-1239210057-2052241707-572","ObjectType":"Group"},{"ObjectIdentifier":"S-1-5-21-2816299039-1239210057-2052241707-1718","ObjectType":"Group"},{"ObjectIdentifier":"S-1-5-21-2816299039-1239210057-2052241707-1719","ObjectType":"Group"},{"ObjectIdentifier":"S-1-5-21-2816299039-1239210057-2052241707-1001","ObjectType":"Group"},{"ObjectIdentifier":"S-1-5-21-2816299039-1239210057-2052241707-1000","ObjectType":"Group"},{"ObjectIdentifier":"S-1-5-21-2816299039-1239210057-2052241707-1103","ObjectType":"Group"},{"ObjectIdentifier":"S-1-5-21-2816299039-1239210057-2052241707-1104","ObjectType":"Group"},{"ObjectIdentifier":"S-1-5-21-2816299039-1239210057-2052241707-512","ObjectType":"Group"},{"ObjectIdentifier":"S-1-5-21-2816299039-1239210057-2052241707-515","ObjectType":"Group"},{"ObjectIdentifier":"S-1-5-21-2816299039-1239210057-2052241707-516","ObjectType":"Group"},{"ObjectIdentifier":"S-1-5-21-2816299039-1239210057-2052241707-514","ObjectType":"Group"},{"ObjectIdentifier":"S-1-5-21-2816299039-1239210057-2052241707-513","ObjectType":"Group"},{"ObjectIdentifier":"S-1-5-21-2816299039-1239210057-2052241707-1712","ObjectType":"Group"},{"ObjectIdentifier":"S-1-5-21-2816299039-1239210057-2052241707-519","ObjectType":"Group"},{"ObjectIdentifier":"S-1-5-21-2816299039-1239210057-2052241707-527","ObjectType":"Group"},{"ObjectIdentifier":"S-1-5-21-2816299039-1239210057-2052241707-498","ObjectType":"Group"},{"ObjectIdentifier":"S-1-5-21-2816299039-1239210057-2052241707-520","ObjectType":"Group"},{"ObjectIdentifier":"S-1-5-21-2816299039-1239210057-2052241707-501","ObjectType":"User"},{"ObjectIdentifier":"S-1-5-21-2816299039-1239210057-2052241707-526","ObjectType":"Group"},{"ObjectIdentifier":"S-1-5-21-2816299039-1239210057-2052241707-502","ObjectType":"User"},{"ObjectIdentifier":"S-1-5-21-2816299039-1239210057-2052241707-1720","ObjectType":"Group"},{"ObjectIdentifier":"S-1-5-21-2816299039-1239210057-2052241707-1721","ObjectType":"Group"},{"ObjectIdentifier":"S-1-5-21-2816299039-1239210057-2052241707-1713","ObjectType":"Group"},{"ObjectIdentifier":"S-1-5-21-2816299039-1239210057-2052241707-1722","ObjectType":"Group"},{"ObjectIdentifier":"S-1-5-21-2816299039-1239210057-2052241707-1714","ObjectType":"Group"},{"ObjectIdentifier":"S-1-5-21-2816299039-1239210057-2052241707-1723","ObjectType":"Group"},{"ObjectIdentifier":"S-1-5-21-2816299039-1239210057-2052241707-525","ObjectType":"Group"},{"ObjectIdentifier":"S-1-5-21-2816299039-1239210057-2052241707-553","ObjectType":"Group"},{"ObjectIdentifier":"S-1-5-21-2816299039-1239210057-2052241707-521","ObjectType":"Group"},{"ObjectIdentifier":"S-1-5-21-2816299039-1239210057-2052241707-518","ObjectType":"Group"},{"ObjectIdentifier":"S-1-5-21-2816299039-1239210057-2052241707-1724","ObjectType":"Group"},{"ObjectIdentifier":"S-1-5-21-2816299039-1239210057-2052241707-1715","ObjectType":"Group"},{"ObjectIdentifier":"S-1-5-21-2816299039-1239210057-2052241707-1725","ObjectType":"Group"}],"Aces":[{"PrincipalSID":"S-1-5-21-2816299039-1239210057-2052241707-512","PrincipalType":"Group","RightName":"Owns","IsInherited":false},{"PrincipalSID":"S-1-5-21-2816299039-1239210057-2052241707-512","PrincipalType":"Group","RightName":"WriteDacl","IsInherited":false},{"PrincipalSID":"S-1-5-21-2816299039-1239210057-2052241707-512","PrincipalType":"Group","RightName":"WriteOwner","IsInherited":false},{"PrincipalSID":"S-1-5-21-2816299039-1239210057-2052241707-519","PrincipalType":"Group","RightName":"GenericAll","IsInherited":true},{"PrincipalSID":"WHISPERER.LABZ-S-1-5-32-544","PrincipalType":"Group","RightName":"WriteDacl","IsInherited":true},{"PrincipalSID":"WHISPERER.LABZ-S-1-5-32-544","PrincipalType":"Group","RightName":"WriteOwner","IsInherited":true}],"ObjectIdentifier":"7F46EFFD-115D-4C50-86F9-09CB4915F1DC","IsDeleted":false,"IsACLProtected":false},{"Properties":{"domain":"WHISPERER.LABZ","name":"COMPUTERS@WHISPERER.LABZ","distinguishedname":"CN=COMPUTERS,DC=WHISPERER,DC=LABZ","domainsid":"S-1-5-21-2816299039-1239210057-2052241707","highvalue":false},"ChildObjects":[{"ObjectIdentifier":"S-1-5-21-2816299039-1239210057-2052241707-1726","ObjectType":"Computer"},{"ObjectIdentifier":"S-1-5-21-2816299039-1239210057-2052241707-1727","ObjectType":"Computer"},{"ObjectIdentifier":"S-1-5-21-2816299039-1239210057-2052241707-1728","ObjectType":"Computer"},{"ObjectIdentifier":"S-1-5-21-2816299039-1239210057-2052241707-1729","ObjectType":"Computer"},{"ObjectIdentifier":"S-1-5-21-2816299039-1239210057-2052241707-1730","ObjectType":"Computer"},{"ObjectIdentifier":"S-1-5-21-2816299039-1239210057-2052241707-1731","ObjectType":"Computer"},{"ObjectIdentifier":"S-1-5-21-2816299039-1239210057-2052241707-1732","ObjectType":"Computer"},{"ObjectIdentifier":"S-1-5-21-2816299039-1239210057-2052241707-1733","ObjectType":"Computer"},{"ObjectIdentifier":"S-1-5-21-2816299039-1239210057-2052241707-1734","ObjectType":"Computer"},{"ObjectIdentifier":"S-1-5-21-2816299039-1239210057-2052241707-1735","ObjectType":"Computer"},{"ObjectIdentifier":"S-1-5-21-2816299039-1239210057-2052241707-1736","ObjectType":"Computer"},{"ObjectIdentifier":"S-1-5-21-2816299039-1239210057-2052241707-1737","ObjectType":"Computer"}],"Aces":[{"PrincipalSID":"S-1-5-21-2816299039-1239210057-2052241707-512","PrincipalType":"Group","RightName":"Owns","IsInherited":false},{"PrincipalSID":"S-1-5-21-2816299039-1239210057-2052241707-512","PrincipalType":"Group","RightName":"WriteDacl","IsInherited":false},{"PrincipalSID":"S-1-5-21-2816299039-1239210057-2052241707-512","PrincipalType":"Group","RightName":"WriteOwner","IsInherited":false},{"PrincipalSID":"S-1-5-21-2816299039-1239210057-2052241707-519","PrincipalType":"Group","RightName":"GenericAll","IsInherited":true},{"PrincipalSID":"WHISPERER.LABZ-S-1-5-32-544","PrincipalType":"Group","RightName":"WriteDacl","IsInherited":true},{"PrincipalSID":"WHISPERER.LABZ-S-1-5-32-544","PrincipalType":"Group","RightName":"WriteOwner","IsInherited":true}],"ObjectIdentifier":"EFDBE46D-1FCE-4357-8877-242351854486","IsDeleted":false,"IsACLProtected":false}],"meta":{"methods":29695,"type":"containers","count":24,"version":5}}