﻿{"data":[{"Properties":{"domain":"WHISPERER.LABZ","name":"DEFAULT DOMAIN POLICY@WHISPERER.LABZ","distinguishedname":"CN={31B2F340-016D-11D2-945F-00C04FB984F9},CN=POLICIES,CN=SYSTEM,DC=WHISPERER,DC=LABZ","domainsid":"S-1-5-21-2816299039-1239210057-2052241707","highvalue":false,"description":null,"whencreated":1669873048,"gpcpath":"\\\\WHISPERER.LABZ\\SYSVOL\\WHISPERER.LABZ\\POLICIES\\{31B2F340-016D-11D2-945F-00C04FB984F9}"},"Aces":[{"PrincipalSID":"S-1-5-21-2816299039-1239210057-2052241707-512","PrincipalType":"Group","RightName":"Owns","IsInherited":false},{"PrincipalSID":"S-1-5-21-2816299039-1239210057-2052241707-512","PrincipalType":"Group","RightName":"WriteDacl","IsInherited":false},{"PrincipalSID":"S-1-5-21-2816299039-1239210057-2052241707-512","PrincipalType":"Group","RightName":"WriteOwner","IsInherited":false},{"PrincipalSID":"S-1-5-21-2816299039-1239210057-2052241707-512","PrincipalType":"Group","RightName":"GenericWrite","IsInherited":false},{"PrincipalSID":"S-1-5-21-2816299039-1239210057-2052241707-512","PrincipalType":"Group","RightName":"WriteDacl","IsInherited":false},{"PrincipalSID":"S-1-5-21-2816299039-1239210057-2052241707-512","PrincipalType":"Group","RightName":"WriteOwner","IsInherited":false},{"PrincipalSID":"S-1-5-21-2816299039-1239210057-2052241707-512","PrincipalType":"Group","RightName":"GenericWrite","IsInherited":false},{"PrincipalSID":"S-1-5-21-2816299039-1239210057-2052241707-519","PrincipalType":"Group","RightName":"WriteDacl","IsInherited":false},{"PrincipalSID":"S-1-5-21-2816299039-1239210057-2052241707-519","PrincipalType":"Group","RightName":"WriteOwner","IsInherited":false},{"PrincipalSID":"S-1-5-21-2816299039-1239210057-2052241707-519","PrincipalType":"Group","RightName":"GenericWrite","IsInherited":false}],"ObjectIdentifier":"9C564A12-2B93-4048-A162-CE44B0852186","IsDeleted":false,"IsACLProtected":true},{"Properties":{"domain":"WHISPERER.LABZ","name":"DEFAULT DOMAIN CONTROLLERS POLICY@WHISPERER.LABZ","distinguishedname":"CN={6AC1786C-016F-11D2-945F-00C04FB984F9},CN=POLICIES,CN=SYSTEM,DC=WHISPERER,DC=LABZ","domainsid":"S-1-5-21-2816299039-1239210057-2052241707","highvalue":false,"description":null,"whencreated":1669873048,"gpcpath":"\\\\WHISPERER.LABZ\\SYSVOL\\WHISPERER.LABZ\\POLICIES\\{6AC1786C-016F-11D2-945F-00C04FB984F9}"},"Aces":[{"PrincipalSID":"S-1-5-21-2816299039-1239210057-2052241707-512","PrincipalType":"Group","RightName":"Owns","IsInherited":false},{"PrincipalSID":"S-1-5-21-2816299039-1239210057-2052241707-512","PrincipalType":"Group","RightName":"WriteDacl","IsInherited":false},{"PrincipalSID":"S-1-5-21-2816299039-1239210057-2052241707-512","PrincipalType":"Group","RightName":"WriteOwner","IsInherited":false},{"PrincipalSID":"S-1-5-21-2816299039-1239210057-2052241707-512","PrincipalType":"Group","RightName":"GenericWrite","IsInherited":false},{"PrincipalSID":"S-1-5-21-2816299039-1239210057-2052241707-512","PrincipalType":"Group","RightName":"WriteDacl","IsInherited":false},{"PrincipalSID":"S-1-5-21-2816299039-1239210057-2052241707-512","PrincipalType":"Group","RightName":"WriteOwner","IsInherited":false},{"PrincipalSID":"S-1-5-21-2816299039-1239210057-2052241707-512","PrincipalType":"Group","RightName":"GenericWrite","IsInherited":false},{"PrincipalSID":"S-1-5-21-2816299039-1239210057-2052241707-519","PrincipalType":"Group","RightName":"WriteDacl","IsInherited":false},{"PrincipalSID":"S-1-5-21-2816299039-1239210057-2052241707-519","PrincipalType":"Group","RightName":"WriteOwner","IsInherited":false},{"PrincipalSID":"S-1-5-21-2816299039-1239210057-2052241707-519","PrincipalType":"Group","RightName":"GenericWrite","IsInherited":false}],"ObjectIdentifier":"85029AA8-D14F-4F46-8A1A-4B28B5D187C2","IsDeleted":false,"IsACLProtected":true},{"Properties":{"domain":"WHISPERER.LABZ","name":"CENTRAL POLICY@WHISPERER.LABZ","distinguishedname":"CN={BD20566A-AAA6-43DC-B5CB-C9271694AEF6},CN=POLICIES,CN=SYSTEM,DC=WHISPERER,DC=LABZ","domainsid":"S-1-5-21-2816299039-1239210057-2052241707","highvalue":false,"description":null,"whencreated":1679601589,"gpcpath":"\\\\WHISPERER.LABZ\\SYSVOL\\WHISPERER.LABZ\\POLICIES\\{BD20566A-AAA6-43DC-B5CB-C9271694AEF6}"},"Aces":[{"PrincipalSID":"S-1-5-21-2816299039-1239210057-2052241707-512","PrincipalType":"Group","RightName":"Owns","IsInherited":false},{"PrincipalSID":"S-1-5-21-2816299039-1239210057-2052241707-512","PrincipalType":"Group","RightName":"WriteDacl","IsInherited":false},{"PrincipalSID":"S-1-5-21-2816299039-1239210057-2052241707-512","PrincipalType":"Group","RightName":"WriteOwner","IsInherited":false},{"PrincipalSID":"S-1-5-21-2816299039-1239210057-2052241707-512","PrincipalType":"Group","RightName":"GenericWrite","IsInherited":false},{"PrincipalSID":"S-1-5-21-2816299039-1239210057-2052241707-519","PrincipalType":"Group","RightName":"WriteDacl","IsInherited":false},{"PrincipalSID":"S-1-5-21-2816299039-1239210057-2052241707-519","PrincipalType":"Group","RightName":"WriteOwner","IsInherited":false},{"PrincipalSID":"S-1-5-21-2816299039-1239210057-2052241707-519","PrincipalType":"Group","RightName":"GenericWrite","IsInherited":false}],"ObjectIdentifier":"BD682CA6-CEF1-44B5-96E2-84BE21CEB45C","IsDeleted":false,"IsACLProtected":true},{"Properties":{"domain":"WHISPERER.LABZ","name":"EASTERN POLICY@WHISPERER.LABZ","distinguishedname":"CN={9D3D4C64-B0DF-4ABC-A645-93E9F2F5CBBC},CN=POLICIES,CN=SYSTEM,DC=WHISPERER,DC=LABZ","domainsid":"S-1-5-21-2816299039-1239210057-2052241707","highvalue":false,"description":null,"whencreated":1679601589,"gpcpath":"\\\\WHISPERER.LABZ\\SYSVOL\\WHISPERER.LABZ\\POLICIES\\{9D3D4C64-B0DF-4ABC-A645-93E9F2F5CBBC}"},"Aces":[{"PrincipalSID":"S-1-5-21-2816299039-1239210057-2052241707-512","PrincipalType":"Group","RightName":"Owns","IsInherited":false},{"PrincipalSID":"S-1-5-21-2816299039-1239210057-2052241707-512","PrincipalType":"Group","RightName":"WriteDacl","IsInherited":false},{"PrincipalSID":"S-1-5-21-2816299039-1239210057-2052241707-512","PrincipalType":"Group","RightName":"WriteOwner","IsInherited":false},{"PrincipalSID":"S-1-5-21-2816299039-1239210057-2052241707-512","PrincipalType":"Group","RightName":"GenericWrite","IsInherited":false},{"PrincipalSID":"S-1-5-21-2816299039-1239210057-2052241707-519","PrincipalType":"Group","RightName":"WriteDacl","IsInherited":false},{"PrincipalSID":"S-1-5-21-2816299039-1239210057-2052241707-519","PrincipalType":"Group","RightName":"WriteOwner","IsInherited":false},{"PrincipalSID":"S-1-5-21-2816299039-1239210057-2052241707-519","PrincipalType":"Group","RightName":"GenericWrite","IsInherited":false}],"ObjectIdentifier":"42E0FD1A-7FDE-47B9-9D64-63A0ABFC5ECF","IsDeleted":false,"IsACLProtected":true},{"Properties":{"domain":"WHISPERER.LABZ","name":"MOUNTAIN POLICY@WHISPERER.LABZ","distinguishedname":"CN={97CE7A68-B567-4198-A4F5-CC0D7A60056C},CN=POLICIES,CN=SYSTEM,DC=WHISPERER,DC=LABZ","domainsid":"S-1-5-21-2816299039-1239210057-2052241707","highvalue":false,"description":null,"whencreated":1679601589,"gpcpath":"\\\\WHISPERER.LABZ\\SYSVOL\\WHISPERER.LABZ\\POLICIES\\{97CE7A68-B567-4198-A4F5-CC0D7A60056C}"},"Aces":[{"PrincipalSID":"S-1-5-21-2816299039-1239210057-2052241707-512","PrincipalType":"Group","RightName":"Owns","IsInherited":false},{"PrincipalSID":"S-1-5-21-2816299039-1239210057-2052241707-512","PrincipalType":"Group","RightName":"WriteDacl","IsInherited":false},{"PrincipalSID":"S-1-5-21-2816299039-1239210057-2052241707-512","PrincipalType":"Group","RightName":"WriteOwner","IsInherited":false},{"PrincipalSID":"S-1-5-21-2816299039-1239210057-2052241707-512","PrincipalType":"Group","RightName":"GenericWrite","IsInherited":false},{"PrincipalSID":"S-1-5-21-2816299039-1239210057-2052241707-519","PrincipalType":"Group","RightName":"WriteDacl","IsInherited":false},{"PrincipalSID":"S-1-5-21-2816299039-1239210057-2052241707-519","PrincipalType":"Group","RightName":"WriteOwner","IsInherited":false},{"PrincipalSID":"S-1-5-21-2816299039-1239210057-2052241707-519","PrincipalType":"Group","RightName":"GenericWrite","IsInherited":false}],"ObjectIdentifier":"A11BAF11-5A07-4518-B208-DC91C24BF8A4","IsDeleted":false,"IsACLProtected":true},{"Properties":{"domain":"WHISPERER.LABZ","name":"PACIFIC POLICY@WHISPERER.LABZ","distinguishedname":"CN={22D1C615-E7FE-447C-BB8B-6242FED8BB88},CN=POLICIES,CN=SYSTEM,DC=WHISPERER,DC=LABZ","domainsid":"S-1-5-21-2816299039-1239210057-2052241707","highvalue":false,"description":null,"whencreated":1679601589,"gpcpath":"\\\\WHISPERER.LABZ\\SYSVOL\\WHISPERER.LABZ\\POLICIES\\{22D1C615-E7FE-447C-BB8B-6242FED8BB88}"},"Aces":[{"PrincipalSID":"S-1-5-21-2816299039-1239210057-2052241707-512","PrincipalType":"Group","RightName":"Owns","IsInherited":false},{"PrincipalSID":"S-1-5-21-2816299039-1239210057-2052241707-512","PrincipalType":"Group","RightName":"WriteDacl","IsInherited":false},{"PrincipalSID":"S-1-5-21-2816299039-1239210057-2052241707-512","PrincipalType":"Group","RightName":"WriteOwner","IsInherited":false},{"PrincipalSID":"S-1-5-21-2816299039-1239210057-2052241707-512","PrincipalType":"Group","RightName":"GenericWrite","IsInherited":false},{"PrincipalSID":"S-1-5-21-2816299039-1239210057-2052241707-519","PrincipalType":"Group","RightName":"WriteDacl","IsInherited":false},{"PrincipalSID":"S-1-5-21-2816299039-1239210057-2052241707-519","PrincipalType":"Group","RightName":"WriteOwner","IsInherited":false},{"PrincipalSID":"S-1-5-21-2816299039-1239210057-2052241707-519","PrincipalType":"Group","RightName":"GenericWrite","IsInherited":false}],"ObjectIdentifier":"B121CD79-2B51-4E2F-86F3-0B30907554DA","IsDeleted":false,"IsACLProtected":true},{"Properties":{"domain":"WHISPERER.LABZ","name":"BOSTON POLICY@WHISPERER.LABZ","distinguishedname":"CN={535460DF-EB99-4AD1-AA52-5786746502B4},CN=POLICIES,CN=SYSTEM,DC=WHISPERER,DC=LABZ","domainsid":"S-1-5-21-2816299039-1239210057-2052241707","highvalue":false,"description":null,"whencreated":1679601589,"gpcpath":"\\\\WHISPERER.LABZ\\SYSVOL\\WHISPERER.LABZ\\POLICIES\\{535460DF-EB99-4AD1-AA52-5786746502B4}"},"Aces":[{"PrincipalSID":"S-1-5-21-2816299039-1239210057-2052241707-512","PrincipalType":"Group","RightName":"Owns","IsInherited":false},{"PrincipalSID":"S-1-5-21-2816299039-1239210057-2052241707-512","PrincipalType":"Group","RightName":"WriteDacl","IsInherited":false},{"PrincipalSID":"S-1-5-21-2816299039-1239210057-2052241707-512","PrincipalType":"Group","RightName":"WriteOwner","IsInherited":false},{"PrincipalSID":"S-1-5-21-2816299039-1239210057-2052241707-512","PrincipalType":"Group","RightName":"GenericWrite","IsInherited":false},{"PrincipalSID":"S-1-5-21-2816299039-1239210057-2052241707-519","PrincipalType":"Group","RightName":"WriteDacl","IsInherited":false},{"PrincipalSID":"S-1-5-21-2816299039-1239210057-2052241707-519","PrincipalType":"Group","RightName":"WriteOwner","IsInherited":false},{"PrincipalSID":"S-1-5-21-2816299039-1239210057-2052241707-519","PrincipalType":"Group","RightName":"GenericWrite","IsInherited":false}],"ObjectIdentifier":"64676C6B-E0DC-48DE-A066-9C60FCCB03A7","IsDeleted":false,"IsACLProtected":true},{"Properties":{"domain":"WHISPERER.LABZ","name":"CHICAGO POLICY@WHISPERER.LABZ","distinguishedname":"CN={9BF0796E-D87C-4164-A2F3-B03E85073B37},CN=POLICIES,CN=SYSTEM,DC=WHISPERER,DC=LABZ","domainsid":"S-1-5-21-2816299039-1239210057-2052241707","highvalue":false,"description":null,"whencreated":1679601589,"gpcpath":"\\\\WHISPERER.LABZ\\SYSVOL\\WHISPERER.LABZ\\POLICIES\\{9BF0796E-D87C-4164-A2F3-B03E85073B37}"},"Aces":[{"PrincipalSID":"S-1-5-21-2816299039-1239210057-2052241707-512","PrincipalType":"Group","RightName":"Owns","IsInherited":false},{"PrincipalSID":"S-1-5-21-2816299039-1239210057-2052241707-512","PrincipalType":"Group","RightName":"WriteDacl","IsInherited":false},{"PrincipalSID":"S-1-5-21-2816299039-1239210057-2052241707-512","PrincipalType":"Group","RightName":"WriteOwner","IsInherited":false},{"PrincipalSID":"S-1-5-21-2816299039-1239210057-2052241707-512","PrincipalType":"Group","RightName":"GenericWrite","IsInherited":false},{"PrincipalSID":"S-1-5-21-2816299039-1239210057-2052241707-519","PrincipalType":"Group","RightName":"WriteDacl","IsInherited":false},{"PrincipalSID":"S-1-5-21-2816299039-1239210057-2052241707-519","PrincipalType":"Group","RightName":"WriteOwner","IsInherited":false},{"PrincipalSID":"S-1-5-21-2816299039-1239210057-2052241707-519","PrincipalType":"Group","RightName":"GenericWrite","IsInherited":false}],"ObjectIdentifier":"A9B81AC9-6DA8-4A99-A7E6-68CD283B846A","IsDeleted":false,"IsACLProtected":true},{"Properties":{"domain":"WHISPERER.LABZ","name":"DENVER POLICY@WHISPERER.LABZ","distinguishedname":"CN={1FE54039-D362-4C51-AB8C-1869A4BAAA47},CN=POLICIES,CN=SYSTEM,DC=WHISPERER,DC=LABZ","domainsid":"S-1-5-21-2816299039-1239210057-2052241707","highvalue":false,"description":null,"whencreated":1679601589,"gpcpath":"\\\\WHISPERER.LABZ\\SYSVOL\\WHISPERER.LABZ\\POLICIES\\{1FE54039-D362-4C51-AB8C-1869A4BAAA47}"},"Aces":[{"PrincipalSID":"S-1-5-21-2816299039-1239210057-2052241707-512","PrincipalType":"Group","RightName":"Owns","IsInherited":false},{"PrincipalSID":"S-1-5-21-2816299039-1239210057-2052241707-512","PrincipalType":"Group","RightName":"WriteDacl","IsInherited":false},{"PrincipalSID":"S-1-5-21-2816299039-1239210057-2052241707-512","PrincipalType":"Group","RightName":"WriteOwner","IsInherited":false},{"PrincipalSID":"S-1-5-21-2816299039-1239210057-2052241707-512","PrincipalType":"Group","RightName":"GenericWrite","IsInherited":false},{"PrincipalSID":"S-1-5-21-2816299039-1239210057-2052241707-519","PrincipalType":"Group","RightName":"WriteDacl","IsInherited":false},{"PrincipalSID":"S-1-5-21-2816299039-1239210057-2052241707-519","PrincipalType":"Group","RightName":"WriteOwner","IsInherited":false},{"PrincipalSID":"S-1-5-21-2816299039-1239210057-2052241707-519","PrincipalType":"Group","RightName":"GenericWrite","IsInherited":false}],"ObjectIdentifier":"90852A48-0847-46AB-A87F-65A84B1ED052","IsDeleted":false,"IsACLProtected":true},{"Properties":{"domain":"WHISPERER.LABZ","name":"DETROIT POLICY@WHISPERER.LABZ","distinguishedname":"CN={208306B4-6174-4E66-BCD1-B94D9E476287},CN=POLICIES,CN=SYSTEM,DC=WHISPERER,DC=LABZ","domainsid":"S-1-5-21-2816299039-1239210057-2052241707","highvalue":false,"description":null,"whencreated":1679601589,"gpcpath":"\\\\WHISPERER.LABZ\\SYSVOL\\WHISPERER.LABZ\\POLICIES\\{208306B4-6174-4E66-BCD1-B94D9E476287}"},"Aces":[{"PrincipalSID":"S-1-5-21-2816299039-1239210057-2052241707-512","PrincipalType":"Group","RightName":"Owns","IsInherited":false},{"PrincipalSID":"S-1-5-21-2816299039-1239210057-2052241707-512","PrincipalType":"Group","RightName":"WriteDacl","IsInherited":false},{"PrincipalSID":"S-1-5-21-2816299039-1239210057-2052241707-512","PrincipalType":"Group","RightName":"WriteOwner","IsInherited":false},{"PrincipalSID":"S-1-5-21-2816299039-1239210057-2052241707-512","PrincipalType":"Group","RightName":"GenericWrite","IsInherited":false},{"PrincipalSID":"S-1-5-21-2816299039-1239210057-2052241707-519","PrincipalType":"Group","RightName":"WriteDacl","IsInherited":false},{"PrincipalSID":"S-1-5-21-2816299039-1239210057-2052241707-519","PrincipalType":"Group","RightName":"WriteOwner","IsInherited":false},{"PrincipalSID":"S-1-5-21-2816299039-1239210057-2052241707-519","PrincipalType":"Group","RightName":"GenericWrite","IsInherited":false}],"ObjectIdentifier":"B901CEFC-DA87-41B5-BEA9-D90A7CE983E6","IsDeleted":false,"IsACLProtected":true},{"Properties":{"domain":"WHISPERER.LABZ","name":"LASVEGAS POLICY@WHISPERER.LABZ","distinguishedname":"CN={256AB3A1-F9DC-452F-8FEC-F54EB39E01EC},CN=POLICIES,CN=SYSTEM,DC=WHISPERER,DC=LABZ","domainsid":"S-1-5-21-2816299039-1239210057-2052241707","highvalue":false,"description":null,"whencreated":1679601589,"gpcpath":"\\\\WHISPERER.LABZ\\SYSVOL\\WHISPERER.LABZ\\POLICIES\\{256AB3A1-F9DC-452F-8FEC-F54EB39E01EC}"},"Aces":[{"PrincipalSID":"S-1-5-21-2816299039-1239210057-2052241707-512","PrincipalType":"Group","RightName":"Owns","IsInherited":false},{"PrincipalSID":"S-1-5-21-2816299039-1239210057-2052241707-512","PrincipalType":"Group","RightName":"WriteDacl","IsInherited":false},{"PrincipalSID":"S-1-5-21-2816299039-1239210057-2052241707-512","PrincipalType":"Group","RightName":"WriteOwner","IsInherited":false},{"PrincipalSID":"S-1-5-21-2816299039-1239210057-2052241707-512","PrincipalType":"Group","RightName":"GenericWrite","IsInherited":false},{"PrincipalSID":"S-1-5-21-2816299039-1239210057-2052241707-519","PrincipalType":"Group","RightName":"WriteDacl","IsInherited":false},{"PrincipalSID":"S-1-5-21-2816299039-1239210057-2052241707-519","PrincipalType":"Group","RightName":"WriteOwner","IsInherited":false},{"PrincipalSID":"S-1-5-21-2816299039-1239210057-2052241707-519","PrincipalType":"Group","RightName":"GenericWrite","IsInherited":false}],"ObjectIdentifier":"81220FA8-3479-484C-9E1B-6ECAFFDB452C","IsDeleted":false,"IsACLProtected":true},{"Properties":{"domain":"WHISPERER.LABZ","name":"LOSANGELES POLICY@WHISPERER.LABZ","distinguishedname":"CN={C674F261-2D28-4DAF-A7FF-A33B1C9C6BE3},CN=POLICIES,CN=SYSTEM,DC=WHISPERER,DC=LABZ","domainsid":"S-1-5-21-2816299039-1239210057-2052241707","highvalue":false,"description":null,"whencreated":1679601589,"gpcpath":"\\\\WHISPERER.LABZ\\SYSVOL\\WHISPERER.LABZ\\POLICIES\\{C674F261-2D28-4DAF-A7FF-A33B1C9C6BE3}"},"Aces":[{"PrincipalSID":"S-1-5-21-2816299039-1239210057-2052241707-512","PrincipalType":"Group","RightName":"Owns","IsInherited":false},{"PrincipalSID":"S-1-5-21-2816299039-1239210057-2052241707-512","PrincipalType":"Group","RightName":"WriteDacl","IsInherited":false},{"PrincipalSID":"S-1-5-21-2816299039-1239210057-2052241707-512","PrincipalType":"Group","RightName":"WriteOwner","IsInherited":false},{"PrincipalSID":"S-1-5-21-2816299039-1239210057-2052241707-512","PrincipalType":"Group","RightName":"GenericWrite","IsInherited":false},{"PrincipalSID":"S-1-5-21-2816299039-1239210057-2052241707-519","PrincipalType":"Group","RightName":"WriteDacl","IsInherited":false},{"PrincipalSID":"S-1-5-21-2816299039-1239210057-2052241707-519","PrincipalType":"Group","RightName":"WriteOwner","IsInherited":false},{"PrincipalSID":"S-1-5-21-2816299039-1239210057-2052241707-519","PrincipalType":"Group","RightName":"GenericWrite","IsInherited":false}],"ObjectIdentifier":"3FAFDFF6-BADD-4412-BB92-A32C74848EE3","IsDeleted":false,"IsACLProtected":true},{"Properties":{"domain":"WHISPERER.LABZ","name":"NEWYORK POLICY@WHISPERER.LABZ","distinguishedname":"CN={3CB8AB37-FE8A-4417-8DB7-B5B19E3B2905},CN=POLICIES,CN=SYSTEM,DC=WHISPERER,DC=LABZ","domainsid":"S-1-5-21-2816299039-1239210057-2052241707","highvalue":false,"description":null,"whencreated":1679601589,"gpcpath":"\\\\WHISPERER.LABZ\\SYSVOL\\WHISPERER.LABZ\\POLICIES\\{3CB8AB37-FE8A-4417-8DB7-B5B19E3B2905}"},"Aces":[{"PrincipalSID":"S-1-5-21-2816299039-1239210057-2052241707-512","PrincipalType":"Group","RightName":"Owns","IsInherited":false},{"PrincipalSID":"S-1-5-21-2816299039-1239210057-2052241707-512","PrincipalType":"Group","RightName":"WriteDacl","IsInherited":false},{"PrincipalSID":"S-1-5-21-2816299039-1239210057-2052241707-512","PrincipalType":"Group","RightName":"WriteOwner","IsInherited":false},{"PrincipalSID":"S-1-5-21-2816299039-1239210057-2052241707-512","PrincipalType":"Group","RightName":"GenericWrite","IsInherited":false},{"PrincipalSID":"S-1-5-21-2816299039-1239210057-2052241707-519","PrincipalType":"Group","RightName":"WriteDacl","IsInherited":false},{"PrincipalSID":"S-1-5-21-2816299039-1239210057-2052241707-519","PrincipalType":"Group","RightName":"WriteOwner","IsInherited":false},{"PrincipalSID":"S-1-5-21-2816299039-1239210057-2052241707-519","PrincipalType":"Group","RightName":"GenericWrite","IsInherited":false}],"ObjectIdentifier":"19C7E4EA-38F9-4D2C-BE6A-049D92D924DC","IsDeleted":false,"IsACLProtected":true},{"Properties":{"domain":"WHISPERER.LABZ","name":"PORTLAND POLICY@WHISPERER.LABZ","distinguishedname":"CN={882806BF-3FAE-420E-A8EA-A5BB5D5C7000},CN=POLICIES,CN=SYSTEM,DC=WHISPERER,DC=LABZ","domainsid":"S-1-5-21-2816299039-1239210057-2052241707","highvalue":false,"description":null,"whencreated":1679601589,"gpcpath":"\\\\WHISPERER.LABZ\\SYSVOL\\WHISPERER.LABZ\\POLICIES\\{882806BF-3FAE-420E-A8EA-A5BB5D5C7000}"},"Aces":[{"PrincipalSID":"S-1-5-21-2816299039-1239210057-2052241707-512","PrincipalType":"Group","RightName":"Owns","IsInherited":false},{"PrincipalSID":"S-1-5-21-2816299039-1239210057-2052241707-512","PrincipalType":"Group","RightName":"WriteDacl","IsInherited":false},{"PrincipalSID":"S-1-5-21-2816299039-1239210057-2052241707-512","PrincipalType":"Group","RightName":"WriteOwner","IsInherited":false},{"PrincipalSID":"S-1-5-21-2816299039-1239210057-2052241707-512","PrincipalType":"Group","RightName":"GenericWrite","IsInherited":false},{"PrincipalSID":"S-1-5-21-2816299039-1239210057-2052241707-519","PrincipalType":"Group","RightName":"WriteDacl","IsInherited":false},{"PrincipalSID":"S-1-5-21-2816299039-1239210057-2052241707-519","PrincipalType":"Group","RightName":"WriteOwner","IsInherited":false},{"PrincipalSID":"S-1-5-21-2816299039-1239210057-2052241707-519","PrincipalType":"Group","RightName":"GenericWrite","IsInherited":false}],"ObjectIdentifier":"FCFCB710-B24E-4ECC-BE4B-59F69AA693D3","IsDeleted":false,"IsACLProtected":true},{"Properties":{"domain":"WHISPERER.LABZ","name":"SEATLE POLICY@WHISPERER.LABZ","distinguishedname":"CN={783B276D-0F9A-48F0-8417-BFA26F5DC483},CN=POLICIES,CN=SYSTEM,DC=WHISPERER,DC=LABZ","domainsid":"S-1-5-21-2816299039-1239210057-2052241707","highvalue":false,"description":null,"whencreated":1679601589,"gpcpath":"\\\\WHISPERER.LABZ\\SYSVOL\\WHISPERER.LABZ\\POLICIES\\{783B276D-0F9A-48F0-8417-BFA26F5DC483}"},"Aces":[{"PrincipalSID":"S-1-5-21-2816299039-1239210057-2052241707-512","PrincipalType":"Group","RightName":"Owns","IsInherited":false},{"PrincipalSID":"S-1-5-21-2816299039-1239210057-2052241707-512","PrincipalType":"Group","RightName":"WriteDacl","IsInherited":false},{"PrincipalSID":"S-1-5-21-2816299039-1239210057-2052241707-512","PrincipalType":"Group","RightName":"WriteOwner","IsInherited":false},{"PrincipalSID":"S-1-5-21-2816299039-1239210057-2052241707-512","PrincipalType":"Group","RightName":"GenericWrite","IsInherited":false},{"PrincipalSID":"S-1-5-21-2816299039-1239210057-2052241707-519","PrincipalType":"Group","RightName":"WriteDacl","IsInherited":false},{"PrincipalSID":"S-1-5-21-2816299039-1239210057-2052241707-519","PrincipalType":"Group","RightName":"WriteOwner","IsInherited":false},{"PrincipalSID":"S-1-5-21-2816299039-1239210057-2052241707-519","PrincipalType":"Group","RightName":"GenericWrite","IsInherited":false}],"ObjectIdentifier":"28F18685-71AD-4400-B8FA-D32D419F8E9E","IsDeleted":false,"IsACLProtected":true},{"Properties":{"domain":"WHISPERER.LABZ","name":"WASHINGTONDC POLICY@WHISPERER.LABZ","distinguishedname":"CN={9950A0ED-0D27-4E90-A14B-30EB722E706B},CN=POLICIES,CN=SYSTEM,DC=WHISPERER,DC=LABZ","domainsid":"S-1-5-21-2816299039-1239210057-2052241707","highvalue":false,"description":null,"whencreated":1679601589,"gpcpath":"\\\\WHISPERER.LABZ\\SYSVOL\\WHISPERER.LABZ\\POLICIES\\{9950A0ED-0D27-4E90-A14B-30EB722E706B}"},"Aces":[{"PrincipalSID":"S-1-5-21-2816299039-1239210057-2052241707-512","PrincipalType":"Group","RightName":"Owns","IsInherited":false},{"PrincipalSID":"S-1-5-21-2816299039-1239210057-2052241707-512","PrincipalType":"Group","RightName":"WriteDacl","IsInherited":false},{"PrincipalSID":"S-1-5-21-2816299039-1239210057-2052241707-512","PrincipalType":"Group","RightName":"WriteOwner","IsInherited":false},{"PrincipalSID":"S-1-5-21-2816299039-1239210057-2052241707-512","PrincipalType":"Group","RightName":"GenericWrite","IsInherited":false},{"PrincipalSID":"S-1-5-21-2816299039-1239210057-2052241707-519","PrincipalType":"Group","RightName":"WriteDacl","IsInherited":false},{"PrincipalSID":"S-1-5-21-2816299039-1239210057-2052241707-519","PrincipalType":"Group","RightName":"WriteOwner","IsInherited":false},{"PrincipalSID":"S-1-5-21-2816299039-1239210057-2052241707-519","PrincipalType":"Group","RightName":"GenericWrite","IsInherited":false}],"ObjectIdentifier":"C5287EB0-76FE-4E88-A573-67D7C1263F49","IsDeleted":false,"IsACLProtected":true},{"Properties":{"domain":"WHISPERER.LABZ","name":"TESTUNIT POLICY@WHISPERER.LABZ","distinguishedname":"CN={6C8ADC1E-4E7D-4E7F-BD84-4B2C4C0C4F93},CN=POLICIES,CN=SYSTEM,DC=WHISPERER,DC=LABZ","domainsid":"S-1-5-21-2816299039-1239210057-2052241707","highvalue":false,"description":null,"whencreated":1679601589,"gpcpath":"\\\\WHISPERER.LABZ\\SYSVOL\\WHISPERER.LABZ\\POLICIES\\{6C8ADC1E-4E7D-4E7F-BD84-4B2C4C0C4F93}"},"Aces":[{"PrincipalSID":"S-1-5-21-2816299039-1239210057-2052241707-512","PrincipalType":"Group","RightName":"Owns","IsInherited":false},{"PrincipalSID":"S-1-5-21-2816299039-1239210057-2052241707-512","PrincipalType":"Group","RightName":"WriteDacl","IsInherited":false},{"PrincipalSID":"S-1-5-21-2816299039-1239210057-2052241707-512","PrincipalType":"Group","RightName":"WriteOwner","IsInherited":false},{"PrincipalSID":"S-1-5-21-2816299039-1239210057-2052241707-512","PrincipalType":"Group","RightName":"GenericWrite","IsInherited":false},{"PrincipalSID":"S-1-5-21-2816299039-1239210057-2052241707-519","PrincipalType":"Group","RightName":"WriteDacl","IsInherited":false},{"PrincipalSID":"S-1-5-21-2816299039-1239210057-2052241707-519","PrincipalType":"Group","RightName":"WriteOwner","IsInherited":false},{"PrincipalSID":"S-1-5-21-2816299039-1239210057-2052241707-519","PrincipalType":"Group","RightName":"GenericWrite","IsInherited":false}],"ObjectIdentifier":"3BA61738-D895-480B-A64A-027DF33A9EFE","IsDeleted":false,"IsACLProtected":true}],"meta":{"methods":29695,"type":"gpos","count":17,"version":5}}